step,system_total_stopped,system_total_waiting_time,system_mean_waiting_time,system_mean_speed,total_vehicle,1_stopped,1_accumulated_waiting_time,1_average_speed,2_stopped,2_accumulated_waiting_time,2_average_speed,5_stopped,5_accumulated_waiting_time,5_average_speed,6_stopped,6_accumulated_waiting_time,6_average_speed,agents_total_stopped,agents_total_accumulated_waiting_time
5.0,0,0.0,0.0,12.18045994765655,24,0,0.0,0.9432469403851934,0,0.0,0.9475948573263544,0,0.0,0.8080352743963696,0,0.0,0.8049102758342875,0,0.0
10.0,0,0.0,0.0,12.278012224603899,24,0,0.0,0.8878668471277927,0,0.0,0.8930170677113846,0,0.0,0.8635874098035714,0,0.0,0.9123624576062613,0,0.0
15.0,6,6.0,0.25,5.228642588988256,24,2,2.0,0.20737695504042727,3,3.0,0.005356975651041759,1,1.0,0.37137083130585374,0,0.0,0.561582993641029,6,6.0
20.0,14,73.0,3.0416666666666665,5.3654187292778515,24,4,21.0,0.3045660493579002,4,23.0,0.3216320867814371,3,15.0,0.23227002693297666,3,14.0,0.4826313578761237,14,73.0
25.0,14,143.0,5.958333333333333,3.847255569361749,24,4,41.0,0.15772173530395214,4,43.0,0.3212637762731634,3,30.0,0.0,3,29.0,0.08720444419947594,14,143.0
30.0,15,191.0,8.304347826086957,2.3774770705400177,23,4,50.0,0.004564490551863798,3,47.0,0.05786711461368471,3,45.0,0.0,5,49.0,4.1664027315642044e-05,15,191.0
35.0,18,278.0,13.238095238095237,2.0336220567902137,21,5,74.0,0.0,5,72.0,0.16336782736176036,3,60.0,0.0,5,74.0,0.0,18,280.0
40.0,18,368.0,18.4,1.2583012510659592,20,5,99.0,0.0,5,97.0,0.11173009674337674,3,75.0,0.0,5,99.0,0.0,18,370.0
45.0,16,417.0,21.94736842105263,0.8382594590257059,19,4,110.0,0.0,4,106.0,0.053804081254565074,3,90.0,0.0,5,124.0,0.0,16,430.0
50.0,16,497.0,26.157894736842106,1.9285477190149753,19,4,130.0,0.0,4,115.0,0.0,3,105.0,0.0,5,149.0,0.0,16,499.0
55.0,16,577.0,30.36842105263158,1.8753624525086565,19,4,150.0,0.0,4,135.0,0.0,3,120.0,0.0,5,174.0,0.0,16,579.0
60.0,8,322.0,20.125,2.631219523471059,16,1,88.0,0.12335264001255995,4,155.0,0.0,1,88.0,0.12419285079604606,2,119.0,0.08672694434022038,8,450.0
65.0,8,362.0,22.625,6.6973976656333765,16,1,51.0,0.0,4,177.0,0.3012951013423734,1,53.0,0.65398882036558,2,89.0,0.3164843188813402,8,370.0
70.0,8,402.0,25.125,6.487195592959656,16,1,56.0,0.0,4,197.0,0.30041131812961713,1,58.0,0.6370924124324984,2,99.0,0.3124944695394682,8,410.0
75.0,10,445.0,12.36111111111111,8.627374796940087,36,1,61.0,0.7906838009133247,6,220.0,0.43770688463926816,1,61.0,0.6626901843576312,2,109.0,0.6004957937775797,10,451.0
80.0,10,494.0,13.35135135135135,9.128292779960503,37,1,66.0,0.8067790747619968,5,244.0,0.4970254925873034,1,66.0,0.7241778795441568,3,124.0,0.6145366705241426,10,500.0
85.0,12,546.0,15.166666666666666,4.958844988275143,36,1,71.0,0.17256280176748487,5,269.0,0.25945138431888165,1,71.0,0.4755576321466152,5,141.0,0.2665231914990892,12,552.0
90.0,24,648.0,18.514285714285716,4.21896682786073,35,5,90.0,0.27920621920528854,9,308.0,0.17279020547317497,4,87.0,0.18944659868724312,6,169.0,0.24482284235042412,24,654.0
95.0,24,768.0,23.272727272727273,3.520569908144901,33,5,115.0,0.35290088571544126,9,353.0,0.09074391095483916,4,107.0,0.0,6,199.0,0.23444694437222494,24,774.0
100.0,22,788.0,24.625,2.2660156996195613,32,5,140.0,0.14915209098202697,7,310.0,0.11960598826777169,4,127.0,0.0,6,229.0,0.04284716446571377,22,806.0
105.0,25,896.0,28.903225806451612,2.2287481704198937,31,5,149.0,1.9887284814747912e-05,8,337.0,0.06962888112943533,4,147.0,0.0,8,271.0,0.18540467913686962,25,904.0
110.0,26,1023.0,34.1,1.665748915476912,30,5,174.0,0.0,9,381.0,0.09095987696366725,4,167.0,0.0,8,311.0,0.16751872753604688,26,1033.0
115.0,24,1124.0,38.758620689655174,0.7970690606392726,29,5,199.0,0.0,8,412.0,0.04887486320141929,4,187.0,0.0,7,336.0,0.036970508846721456,24,1134.0
120.0,25,1247.0,43.0,1.6269658636863569,29,5,224.0,0.0,9,455.0,7.723377835263674e-06,4,207.0,0.2761436602227652,7,369.0,0.0,25,1255.0
125.0,25,1372.0,47.310344827586206,1.732338264179075,29,5,249.0,0.0,9,500.0,0.0,4,227.0,0.3232833248519375,7,404.0,0.0,25,1380.0
130.0,26,1498.0,55.48148148148148,0.1294895948306984,27,5,274.0,0.0,9,545.0,0.0,5,248.0,0.041307460895861764,7,439.0,0.0,26,1506.0
135.0,19,1259.0,46.629629629629626,1.5700249670045707,27,2,214.0,0.0719990826758105,8,542.0,0.0,6,276.0,2.186066271569409e-05,3,357.0,0.12116267213646859,19,1389.0
140.0,19,1354.0,50.148148148148145,3.8772089426013028,27,2,179.0,0.0,8,584.0,0.1926076172310446,6,308.0,0.23342551619907775,3,293.0,0.0,19,1364.0
145.0,19,1449.0,35.34146341463415,6.86936859764735,41,2,189.0,0.6666666666666666,8,624.0,0.3737325003528581,6,338.0,0.40341570162620194,3,308.0,0.5,19,1459.0
150.0,21,1551.0,32.3125,7.082008410323692,48,2,199.0,0.686992467809581,9,668.0,0.3789509124258517,7,371.0,0.40501081364891545,3,323.0,0.571182660669614,21,1561.0
155.0,21,1656.0,35.234042553191486,5.711877916478193,47,2,209.0,0.5702303475206538,9,713.0,0.21557047117602154,7,406.0,0.35306560958086847,3,338.0,0.5585161081372207,21,1666.0
160.0,30,1783.0,38.76086956521739,3.268497352982034,46,4,222.0,0.17916254824895236,12,765.0,0.06847374897047737,9,447.0,0.15310773117991142,5,359.0,0.3241244829915097,30,1793.0
165.0,35,1954.0,44.40909090909091,2.446618677418182,44,6,248.0,0.24475324914092772,13,830.0,0.11329063836646594,10,497.0,0.0,6,389.0,0.13266518744806044,35,1964.0
170.0,36,2122.0,48.22727272727273,2.0923133754490832,44,6,270.0,0.21913352567463912,13,895.0,0.11171616551520111,10,547.0,0.0,7,420.0,0.000639155435095887,36,2132.0
175.0,36,2286.0,55.75609756097561,0.7632712624384486,41,6,300.0,0.013108369596410515,13,946.0,0.06724566904626746,10,597.0,0.0,7,455.0,2.8585431810623726e-06,36,2298.0
180.0,38,2473.0,60.31707317073171,0.6888768561506128,41,8,337.0,6.61336764823961e-05,13,1011.0,0.025336261675104808,10,647.0,0.0,7,490.0,0.0,38,2485.0
185.0,37,2650.0,66.25,0.5389250284151731,40,6,365.0,0.041716649788042924,14,1082.0,0.03391435284549338,10,697.0,0.0,7,525.0,0.0,37,2669.0
190.0,36,2819.0,72.28205128205128,0.7297658398525422,39,6,390.0,0.0,13,1136.0,0.06821198391172736,10,747.0,0.0,7,560.0,0.0,36,2833.0
195.0,37,3000.0,76.92307692307692,0.6751656773206094,39,6,420.0,0.0,14,1202.0,0.00047467923291441186,10,797.0,0.0,7,595.0,0.0,37,3014.0
200.0,34,3076.0,80.94736842105263,0.7228168059690016,38,3,376.0,0.05313801725601487,14,1272.0,7.313834333069044e-07,10,847.0,0.0,7,630.0,0.0,34,3125.0
205.0,27,2774.0,74.97297297297297,1.8335562683916584,37,3,356.0,0.0,14,1344.0,0.061584275297595165,6,714.0,0.12140051078926223,4,579.0,0.03576491643792399,27,2993.0
210.0,26,2859.0,77.27027027027027,3.606206921032125,37,3,371.0,0.0,14,1414.0,0.08668875689763599,5,579.0,0.2985387449448365,4,558.0,0.2844869781305613,26,2922.0
215.0,27,2993.0,83.13888888888889,3.149003845607846,36,3,386.0,0.0,15,1488.0,0.061393014447841184,5,559.0,0.14229449346418188,4,578.0,0.3224849487533766,27,3011.0
220.0,28,3129.0,55.875,5.841806167162758,56,3,401.0,0.6171499094113736,15,1563.0,0.24700760040763833,5,582.0,0.4642490128212484,5,599.0,0.5195204703319282,28,3145.0
225.0,30,3274.0,58.464285714285715,5.521777556183333,56,3,416.0,0.593071582875582,16,1641.0,0.18979445481971313,5,607.0,0.4950574592784204,6,626.0,0.4513313794206653,30,3290.0
230.0,37,3433.0,62.41818181818182,2.797993218091322,55,5,434.0,0.2862547415607812,19,1722.0,0.08838154375821838,6,634.0,0.24255682407737417,7,659.0,0.18089895861827954,37,3449.0
235.0,43,3643.0,67.46296296296296,2.604998029792125,54,7,467.0,0.3481205264177168,19,1817.0,0.09488460497143344,8,673.0,0.10053409919447519,9,702.0,0.0951117506386987,43,3659.0
240.0,43,3858.0,71.44444444444444,2.425890012204838,54,7,502.0,0.24337174213474794,19,1912.0,0.09083320377101542,8,713.0,0.09062409875945707,9,747.0,0.0,43,3874.0
245.0,45,4077.0,79.94117647058823,1.4107323000538217,51,8,539.0,0.00037176086106044983,19,2007.0,0.0713698423337077,9,755.0,0.00014744619768537816,9,792.0,0.0,45,4093.0
250.0,45,4283.0,85.66,0.8674528043091904,50,8,579.0,0.0,19,2083.0,0.0016262674807164604,9,800.0,0.0,9,837.0,0.0,45,4299.0
255.0,44,4477.0,93.27083333333333,0.7700119242645954,48,7,595.0,0.0,20,2183.0,3.2331582890682776e-06,8,833.0,0.0,9,882.0,0.0,44,4493.0
260.0,44,4697.0,99.93617021276596,0.7869901845924625,47,7,630.0,0.0,20,2285.0,0.03996445923694802,8,873.0,0.0,9,927.0,0.0,44,4715.0
265.0,45,4919.0,106.93478260869566,0.2798268448268355,46,7,665.0,0.0,21,2387.0,2.1978820179518132e-05,8,913.0,0.0,9,972.0,0.0,45,4937.0
270.0,44,5105.0,113.44444444444444,0.15040105061398615,45,7,700.0,0.0,21,2492.0,0.0,7,914.0,0.0,9,1017.0,0.0,44,5123.0
275.0,40,5129.0,113.97777777777777,0.6223921041518127,45,7,735.0,0.0,21,2597.0,0.0,7,949.0,0.0,5,955.0,0.06602738656878925,40,5236.0
280.0,40,5329.0,118.42222222222222,1.365586862583354,45,7,770.0,0.0,21,2702.0,0.04078285558224868,7,986.0,0.11454993352314231,5,889.0,0.0,40,5347.0
285.0,37,5376.0,122.18181818181819,1.5326006935624827,44,4,704.0,0.05152605925293656,21,2807.0,0.04531470600071228,7,1021.0,0.10669335669100923,5,914.0,0.0,37,5446.0
290.0,38,5562.0,88.28571428571429,4.720153706575015,63,4,672.0,0.5469891620380135,21,2914.0,0.17314042507984004,8,1057.0,0.4141079061032594,5,939.0,0.4264027285763879,38,5582.0
295.0,40,5759.0,87.25757575757575,4.785046611307502,66,4,692.0,0.5303703144321414,23,3026.0,0.15416769509687456,8,1097.0,0.4343309814530483,5,964.0,0.4964620404252301,40,5779.0
300.0,41,5954.0,91.6,3.2855947515442496,65,4,712.0,0.3455298645160045,23,3135.0,0.057432606556734336,9,1138.0,0.21895009393371906,5,989.0,0.43110002770786376,41,5974.0
305.0,52,6196.0,95.32307692307693,2.4811304001026078,65,8,744.0,0.19274304747191012,26,3262.0,0.06341127477278351,11,1189.0,0.08150683545284378,7,1021.0,0.2511566726092458,52,6216.0
310.0,53,6461.0,100.953125,1.8192210337758425,64,8,784.0,0.1238350874306617,26,3392.0,0.06567365942237792,11,1244.0,0.0754741390791646,8,1061.0,0.07517532991687176,53,6481.0
315.0,53,6049.0,97.56451612903226,1.1690588469140861,62,6,523.0,0.050912459926889,26,3522.0,0.0,11,1299.0,0.05108635381915034,10,1107.0,0.0004278876668643355,53,6451.0
320.0,53,6212.0,101.8360655737705,1.4864226029073893,61,5,166.0,0.132800819946315,26,3652.0,0.0,12,1358.0,5.528717523814203e-06,10,1157.0,0.0,53,6333.0
325.0,47,4867.0,83.91379310344827,1.4135404523191317,58,5,90.0,0.0,20,3182.0,0.027053656291252004,12,1418.0,0.0,10,1207.0,0.0,47,5897.0
330.0,35,3640.0,63.85964912280702,3.0834325914475684,57,2,67.0,0.37907922330477134,12,2242.0,0.12014481698065187,11,1464.0,0.0,10,1257.0,0.0,35,5030.0
335.0,25,3082.0,57.074074074074076,5.003088982909293,54,2,53.0,0.5580942008215017,2,1157.0,0.2971758470185966,11,1519.0,0.07757979755132421,10,1307.0,0.0,25,4036.0
340.0,27,3210.0,64.2,4.376183028267502,50,2,61.0,0.33086396269823126,4,1170.0,0.2586398684827195,11,1574.0,0.08106694372194169,10,1357.0,0.0,27,4162.0
345.0,28,3176.0,72.18181818181819,1.8616248019498534,44,1,29.0,0.03745692124119754,9,1205.0,0.026627679944809683,8,1525.0,0.03083717598933979,10,1407.0,0.0,28,4166.0
350.0,35,3343.0,81.53658536585365,1.6625138376235373,41,2,39.0,2.931995311677859e-05,14,1269.0,0.06029757373143727,9,1530.0,4.9998695821877254e-05,10,1459.0,0.08571375226959953,35,4297.0
355.0,30,3437.0,85.925,1.3408260825619327,40,2,49.0,0.0,9,1067.0,0.053371447214803455,9,1575.0,0.0,10,1509.0,0.03516221137232158,30,4200.0
360.0,22,3436.0,90.42105263157895,3.056719144020484,38,1,17.0,0.629365999299932,2,633.0,0.24834720885580505,8,1605.0,0.0,11,1561.0,0.0667099723434923,22,3816.0
365.0,22,3546.0,57.193548387096776,7.755363650212439,62,1,22.0,0.8209370504150022,2,283.0,0.6892102326536207,8,1645.0,0.3570431936419256,11,1616.0,0.35333670261142053,22,3566.0
370.0,24,3660.0,61.0,6.584874149452009,60,2,29.0,0.6778438218638022,3,295.0,0.5139145971232317,8,1685.0,0.31881815091472415,11,1671.0,0.28777265121772544,24,3680.0
375.0,35,3809.0,68.01785714285714,2.8883822620135393,56,6,47.0,0.1124545508052881,6,320.0,0.12440555137144099,10,1731.0,0.20919238577062188,13,1731.0,0.0929336885157801,35,3829.0
380.0,44,4021.0,75.86792452830188,1.988331684440601,53,9,90.0,0.09610717032286173,8,358.0,0.19289258486530247,13,1792.0,0.06126652170038975,14,1801.0,0.06299832588302995,44,4041.0
385.0,47,4249.0,81.71153846153847,1.255942626767037,52,10,136.0,0.0005557918130719684,8,398.0,0.10467048683169793,15,1864.0,2.1021637259263365e-05,14,1871.0,0.0,47,4269.0
390.0,43,4440.0,88.8,1.119301736140471,50,10,186.0,0.0,8,438.0,0.0,11,1915.0,0.0337571046830325,14,1943.0,0.03163261620343626,43,4482.0
395.0,40,4520.0,94.16666666666667,1.5496975567369484,48,9,216.0,0.08979431681418223,6,384.0,0.029906275080152537,11,1950.0,0.0,14,2013.0,0.11851142911336257,40,4563.0
400.0,40,4720.0,100.42553191489361,1.849314818586582,47,9,261.0,0.09451052201215732,6,395.0,0.13306266197114938,11,2005.0,0.0,14,2083.0,0.11614225156647398,40,4744.0
405.0,39,4861.0,105.67391304347827,1.074945789647946,46,9,306.0,0.0695246518467893,6,425.0,0.07285018865155088,9,2027.0,0.03149769565320271,15,2154.0,0.0012522145485314158,39,4912.0
410.0,41,5064.0,115.0909090909091,0.6748911286572218,44,9,351.0,0.0,7,458.0,7.426037954599562e-05,9,2045.0,0.0,16,2236.0,0.05362939970263423,41,5090.0
415.0,41,5269.0,119.75,0.7134458651418955,44,9,396.0,0.0,7,493.0,0.0,9,2090.0,0.0,16,2316.0,0.03823870213400303,41,5295.0
420.0,42,5477.0,124.47727272727273,0.4874048578242364,44,9,441.0,0.0,7,528.0,0.0,9,2135.0,0.0,17,2399.0,1.5240643741428019e-05,42,5503.0
425.0,37,5399.0,128.54761904761904,0.4306834400233146,42,4,350.0,0.06592119009761659,7,563.0,0.0,9,2180.0,0.0,17,2484.0,0.0,37,5577.0
430.0,36,5538.0,131.85714285714286,1.6615653328091902,42,3,211.0,0.13531193421095217,7,600.0,0.12485196355032803,9,2225.0,0.08131493098399956,17,2569.0,0.0,36,5605.0
435.0,36,5718.0,86.63636363636364,5.271423901499901,66,3,185.0,0.5661124553381534,7,635.0,0.3895470040961113,9,2270.0,0.3679278465971783,17,2654.0,0.20161576619907698,36,5744.0
440.0,37,5901.0,92.203125,4.898210347476515,64,3,200.0,0.5969135335789858,8,673.0,0.39004577143874297,9,2315.0,0.30067000194385485,17,2739.0,0.2061396926055521,37,5927.0
445.0,41,6095.0,98.30645161290323,2.7105304017058085,62,3,215.0,0.25261836449083674,9,714.0,0.10453204409922602,11,2365.0,0.15759385963798825,18,2827.0,0.12774399252140753,41,6121.0
450.0,50,6331.0,103.78688524590164,2.082747771637068,61,6,241.0,0.35215563892910173,12,768.0,0.1343921235842995,12,2423.0,0.0708504627955593,20,2925.0,0.04535703208718817,50,6357.0
455.0,51,6586.0,107.9672131147541,2.0340708417476163,61,7,276.0,0.34416494714166507,12,828.0,0.13337993487373598,12,2483.0,0.07123707653716184,20,3025.0,0.0,51,6612.0
460.0,45,6351.0,107.64406779661017,1.3785089189623496,59,7,311.0,0.10922856950146984,6,693.0,0.1943616871628482,12,2543.0,0.002384189981340957,20,3125.0,0.0,45,6672.0
465.0,44,6503.0,110.22033898305085,2.5573495562725634,59,8,351.0,0.1853385773355362,3,397.0,0.3487636618872033,13,2607.0,0.0,20,3225.0,0.0,44,6580.0
470.0,44,6723.0,117.94736842105263,2.753875734041499,57,8,391.0,0.27212519672859925,3,343.0,0.23628210742738068,13,2672.0,0.0,20,3325.0,0.04647746696571456,44,6731.0
475.0,43,6917.0,125.76363636363637,2.293767375963343,55,9,433.0,0.17410420495399112,2,344.0,0.0,12,2723.0,0.0,20,3425.0,0.04585636283458832,43,6925.0
480.0,45,7138.0,139.9607843137255,1.0273978559845327,51,11,484.0,0.0007439569975528094,2,354.0,0.0,12,2783.0,0.0,20,3525.0,0.008466880187407832,45,7146.0
485.0,46,7331.0,149.6122448979592,0.6304289406974876,49,11,503.0,0.0,2,364.0,0.0,12,2843.0,0.0,21,3629.0,0.0,46,7339.0
490.0,45,7518.0,159.95744680851064,0.3979847521242232,47,11,558.0,0.0,2,376.0,0.3220649548447982,11,2860.0,0.0,21,3734.0,0.0,45,7528.0
495.0,38,6776.0,144.17021276595744,1.179005597083998,47,11,613.0,0.0,1,337.0,0.4985513617824156,11,2915.0,0.0,15,3455.0,0.03910486543385006,38,7320.0
500.0,35,6652.0,141.53191489361703,2.6456314176345628,47,11,668.0,6.529090643765672e-07,2,344.0,0.42087242945064757,11,2972.0,0.07840659303365476,11,2895.0,0.08143753811030083,35,6879.0
505.0,35,6827.0,113.78333333333333,5.597511704530841,60,11,723.0,0.26666666666666666,2,354.0,0.7717185816973264,11,3027.0,0.30321136798583054,11,2729.0,0.21428571428571427,35,6833.0
510.0,36,7004.0,104.53731343283582,5.520094657812824,67,11,778.0,0.32040827024877844,2,364.0,0.7134090794386044,12,3084.0,0.29430519580893316,11,2784.0,0.2957884770412114,36,7010.0
515.0,39,7189.0,110.6,3.951406824643855,65,11,833.0,0.218270885328638,3,376.0,0.45935424296581395,13,3146.0,0.20158640611999787,12,2840.0,0.2578766992961482,39,7195.0
520.0,50,7414.0,114.06153846153846,2.48035232027182,65,14,894.0,0.1558442657977418,7,402.0,0.2550092960563912,16,3222.0,0.05484354068228441,13,2902.0,0.06200733489398897,50,7420.0
525.0,52,7673.0,121.7936507936508,2.2415362114023494,63,15,968.0,0.18774121306950342,7,437.0,0.2850878584820505,16,3302.0,0.05864607503310626,14,2972.0,0.06656118843584623,52,7679.0
530.0,52,7933.0,130.04918032786884,0.9572528264204432,61,15,1043.0,0.05380219056701793,7,472.0,0.15813573580786483,16,3382.0,0.0009992168005761028,14,3042.0,0.0,52,7939.0
535.0,53,8136.0,133.37704918032787,0.999024660925896,61,15,1110.0,0.015570306093531279,8,511.0,0.054703612530287084,17,3466.0,1.6013756909207394e-06,13,3058.0,0.0,53,8145.0
540.0,53,8401.0,137.72131147540983,1.6875514857410991,61,15,1184.0,0.0,8,551.0,0.19120385446161636,17,3551.0,0.0,13,3123.0,0.0,53,8409.0
545.0,52,8652.0,151.78947368421052,0.8391772843384933,57,15,1259.0,0.0,8,591.0,0.11083291936548975,16,3622.0,0.0,13,3188.0,0.0,52,8660.0
550.0,52,8845.0,157.94642857142858,0.6696909622501298,56,15,1334.0,0.0,8,564.0,0.00038568575104431136,16,3702.0,0.0,13,3253.0,0.0,52,8853.0
555.0,52,9105.0,165.54545454545453,0.7028883603544863,55,15,1411.0,0.057975348145120835,8,604.0,0.0,16,3782.0,0.0,13,3318.0,0.0,52,9115.0
560.0,49,9227.0,170.87037037037038,0.6806645673485621,54,15,1486.0,0.0280137471892346,8,644.0,0.0,13,3763.0,0.01775688915281504,13,3383.0,0.0,49,9276.0
565.0,48,9382.0,177.0188679245283,0.8727162027108386,53,16,1563.0,2.4370053007120905e-05,8,684.0,0.0,13,3787.0,0.0,11,3399.0,0.01643557391379633,48,9433.0
570.0,48,9622.0,181.54716981132074,1.1967271666158656,53,16,1643.0,0.0,8,724.0,0.10330814937955149,13,3854.0,0.06486000523570594,11,3411.0,0.0,48,9632.0
575.0,48,9862.0,193.37254901960785,0.7375517561372569,51,16,1723.0,0.0,8,764.0,0.10843169295279509,13,3919.0,0.06818332587097926,11,3466.0,0.0,48,9872.0
580.0,49,10103.0,136.52702702702703,3.921016959114194,74,16,1803.0,0.23696990810164484,8,804.0,0.40125341431104017,14,3985.0,0.23154126351319065,11,3521.0,0.27735750410790444,49,10113.0
585.0,50,10349.0,139.85135135135135,3.6773802484327196,74,16,1883.0,0.24908918332739063,8,844.0,0.4011947923294256,15,4056.0,0.1652752473965597,11,3576.0,0.2618921402840189,50,10359.0
590.0,56,10615.0,145.41095890410958,1.6646693581793541,73,18,1966.0,0.00995260217563301,10,887.0,0.16015724105116075,16,4136.0,0.11889616468645528,12,3636.0,0.1525178111337135,56,10625.0
595.0,65,10925.0,149.65753424657535,0.8617317932246427,73,21,2069.0,3.2924900514155517e-06,12,944.0,0.17649999007463119,17,4220.0,0.006623433303836253,15,3702.0,0.04511024752197025,65,10935.0
600.0,69,11265.0,154.31506849315068,0.3916398680707354,73,21,2174.0,0.0,12,1004.0,0.06850543422243405,20,4317.0,9.011924499396519e-06,16,3780.0,1.0141377108169126e-05,69,11275.0
605.0,67,11574.0,160.75,0.3498681252115096,72,19,2262.0,0.011591760880454797,12,1056.0,0.018570999275431058,20,4417.0,4.204790637292577e-07,16,3860.0,0.0,67,11595.0
610.0,64,11867.0,164.81944444444446,1.0653643977900582,72,19,2346.0,0.0,12,1116.0,0.0,17,4501.0,0.06581739573219068,16,3942.0,0.05574165403429842,64,11905.0
615.0,62,12148.0,168.72222222222223,1.5320800336533884,72,19,2443.0,0.11364370687137608,12,1176.0,0.0,17,4562.0,0.053338411226606014,14,3983.0,0.0639274615352904,62,12164.0
620.0,62,12458.0,180.55072463768116,1.216789479228984,69,19,2538.0,0.10547419443683483,12,1236.0,0.0,17,4645.0,0.05476234534146791,14,4051.0,0.0,62,12470.0
625.0,62,12768.0,185.04347826086956,1.133553420302795,69,19,2633.0,0.08548268004883511,12,1296.0,0.0,17,4730.0,0.05520108824251961,14,4121.0,0.0,62,12780.0
630.0,59,10306.0,156.15151515151516,0.34558122639191835,66,21,2732.0,0.0013406303959485621,12,1356.0,0.0,18,4816.0,0.0002561673840913093,8,2968.0,0.054980513980572986,59,11872.0
635.0,55,9286.0,140.6969696969697,1.4131700051673255,66,22,2841.0,2.5208183704184516e-06,12,1418.0,0.19015791578512614,18,4906.0,0.0,3,1439.0,0.16574651033764382,55,10604.0
640.0,51,9473.0,143.53030303030303,2.1183381811631983,66,19,2933.0,0.016501114670537095,12,1480.0,0.19304024905436423,18,4996.0,0.0,2,457.0,0.3274713807357975,51,9866.0
645.0,53,9732.0,152.0625,1.5040335318679507,64,19,3011.0,0.0,12,1538.0,0.1824998131745625,18,5086.0,0.0,4,471.0,0.014172165375939835,53,10106.0
650.0,54,10000.0,119.04761904761905,4.264425739294463,84,19,3106.0,0.23161267410469588,12,1598.0,0.3230220305313043,18,5176.0,0.1767489356396781,5,494.0,0.4511712226647564,54,10374.0
655.0,57,10276.0,123.80722891566265,3.8173323817811413,83,19,3201.0,0.21299565494217837,14,1663.0,0.27313271481020907,19,5267.0,0.1760821812706401,5,519.0,0.44515449142314517,57,10650.0
660.0,58,10563.0,130.40740740740742,1.8515901832795645,81,20,3298.0,0.03347979203390019,14,1733.0,0.15086052890915685,19,5362.0,0.1260384661992531,5,544.0,0.2754806103755612,58,10937.0
665.0,72,10901.0,136.2625,0.6266469687956226,80,24,3413.0,2.585976591935899e-05,18,1819.0,0.020637524219154456,21,5460.0,0.011638643604219923,9,583.0,0.21566398193444866,72,11275.0
670.0,77,11277.0,140.9625,0.4336783123875588,80,24,3533.0,0.0,19,1912.0,0.0,23,5574.0,1.3361782502851662e-05,11,632.0,0.1921569315405676,77,11651.0
675.0,76,11638.0,145.475,0.2141410736328342,80,22,3638.0,0.009260018526490874,19,2007.0,0.0,23,5689.0,0.0,12,688.0,0.045398762985931644,76,12022.0
680.0,70,11930.0,149.125,0.7945029509791691,80,22,3738.0,0.0,18,2083.0,0.0,21,5789.0,0.05165344801171134,9,730.0,0.050954128588597075,70,12340.0
685.0,70,12280.0,153.5,1.6032411189027447,80,22,3850.0,0.07886881261248997,18,2175.0,0.08742052302606607,21,5882.0,0.08503052425654137,9,753.0,0.0,70,12660.0
690.0,70,12630.0,159.873417721519,1.5377732710691583,79,22,3960.0,0.08199564910086056,18,2265.0,0.08844174598960974,21,5985.0,0.03890716235928522,9,798.0,0.0,70,13008.0
695.0,71,12982.0,170.81578947368422,0.6188611793665217,76,22,4068.0,0.0005662929192978284,18,2353.0,0.07675116360475653,22,6092.0,4.110663716941924e-05,9,843.0,0.0,71,13356.0
700.0,73,13343.0,177.90666666666667,0.31606993712270387,75,23,4182.0,0.0,19,2445.0,0.0001044922428048863,22,6202.0,0.0,9,888.0,0.0,73,13717.0
705.0,73,13708.0,182.77333333333334,0.32702454173872764,75,23,4297.0,0.0,19,2540.0,0.0,22,6312.0,0.0,9,933.0,0.0,73,14082.0
710.0,72,14059.0,192.58904109589042,0.08248532393385898,73,22,4398.0,0.0,19,2635.0,0.0,22,6422.0,0.0,9,978.0,0.0,72,14433.0
715.0,72,14419.0,197.5205479452055,0.18753884923742714,73,22,4508.0,0.0,19,2730.0,0.0,22,6532.0,0.0,9,1023.0,0.0,72,14793.0
720.0,72,14779.0,202.45205479452054,0.18301498980474554,73,22,4618.0,0.0,19,2825.0,0.0,22,6642.0,0.0,9,1068.0,0.0,72,15153.0
725.0,72,15139.0,157.69791666666666,2.96203539991944,96,22,4728.0,0.19501627153481943,19,2920.0,0.22231248763172545,22,6752.0,0.14535861839999314,9,1113.0,0.348905067413727,72,15513.0
730.0,73,15503.0,161.48958333333334,1.9846781428498217,96,22,4838.0,0.10416107879153398,19,3015.0,0.10792418332408522,23,6866.0,0.1345686870128933,9,1158.0,0.30746249693022865,73,15877.0
735.0,84,15904.0,165.66666666666666,1.1583655148352716,96,25,4961.0,0.04739671827849792,22,3121.0,0.04121801831009362,25,6985.0,0.0723078728078386,12,1211.0,0.18031458326233024,84,16278.0
740.0,90,16340.0,170.20833333333334,0.8275515056170573,96,27,5091.0,0.00022251913139189169,23,3235.0,0.07565595068538329,28,7117.0,0.024196643871546186,12,1271.0,0.07296593521121131,90,16714.0
745.0,91,16792.0,174.91666666666666,0.7169670374011581,96,27,5226.0,0.0,23,3350.0,0.03875491998381879,29,7259.0,4.019447100151187e-05,12,1331.0,0.0,91,17166.0
750.0,85,17178.0,182.74468085106383,0.6708312789109928,94,25,5345.0,0.01155745929933767,23,3465.0,0.0,25,7380.0,0.045978371112848936,12,1393.0,0.03221557434795986,85,17583.0
755.0,84,17584.0,187.06382978723406,1.1219029606998754,94,25,5461.0,0.030866236140933125,22,3561.0,0.0,25,7485.0,0.048208035126929165,12,1453.0,0.13420515991502788,84,17960.0
760.0,85,18009.0,195.75,0.9101979541122619,92,25,5586.0,0.03764784224075822,22,3671.0,0.0,26,7615.0,0.03391637623104046,12,1513.0,0.1358788800825925,85,18385.0
765.0,86,18435.0,204.83333333333334,0.35452226551983146,90,25,5711.0,0.03759024787131689,22,3781.0,0.0,26,7745.0,0.021430854485732984,13,1574.0,0.0033601996325202796,86,18811.0
770.0,87,18870.0,212.02247191011236,0.21329644380796126,89,25,5836.0,0.0,22,3891.0,0.0,26,7875.0,0.0,14,1644.0,1.6382680158506264e-06,87,19246.0
775.0,87,19305.0,216.91011235955057,0.2552231698274285,89,25,5961.0,0.0,22,4001.0,0.0,26,8005.0,0.0,14,1714.0,0.06090823571367425,87,19681.0
780.0,87,19740.0,224.3181818181818,0.11548203804075531,88,25,6086.0,0.0,22,4111.0,0.0,26,8135.0,0.0,14,1784.0,0.06026156512422797,87,20116.0
785.0,81,18666.0,212.11363636363637,0.2080360255333841,88,25,6211.0,0.0,16,3657.0,0.023571468206138344,26,8265.0,0.0,14,1854.0,0.0037420819167261646,81,19987.0
790.0,75,18057.0,205.1931818181818,1.145524872439001,88,25,6338.0,0.03778357456103079,9,2764.0,0.13074955606505345,26,8395.0,0.0,15,1928.0,0.04576877398360916,75,19425.0
795.0,74,18335.0,165.18018018018017,3.5833883994922195,111,25,6463.0,0.13903763355897764,8,2064.0,0.3726342793459551,26,8525.0,0.13849246658574704,15,2003.0,0.2717668170208025,74,19055.0
800.0,77,18714.0,173.27777777777777,2.7017371788851214,108,26,6592.0,0.10036690932103566,9,2105.0,0.2851653226622962,27,8659.0,0.13182434855454872,15,2078.0,0.27225434740757626,77,19434.0
805.0,89,19129.0,182.1809523809524,1.4302211388157735,105,29,6731.0,0.0751012990344986,13,2161.0,0.1278370400648296,28,8796.0,0.05953482902966945,19,2161.0,0.15680316251901735,89,19849.0
810.0,93,19588.0,188.34615384615384,0.9147704553790657,104,30,6877.0,0.030203708221960397,15,2234.0,0.11549049211517577,29,8941.0,0.0,19,2256.0,0.12305829214313166,93,20308.0
815.0,96,20065.0,192.93269230769232,0.8467645356427703,104,32,7035.0,0.028896890905349273,15,2309.0,0.10734945373457334,29,9086.0,0.0,20,2355.0,0.13718685678915896,96,20785.0
820.0,94,20519.0,199.2135922330097,0.6442609910554308,103,29,7181.0,0.03615312713761511,15,2384.0,0.0,29,9231.0,0.0,21,2458.0,0.0753403442861603,94,21254.0
825.0,93,20958.0,203.4757281553398,0.811227065837813,103,29,7311.0,0.0,15,2459.0,0.0,29,9378.0,0.05343898553428091,20,2544.0,0.021409176155770218,93,21692.0
830.0,94,21406.0,211.94059405940595,0.787642546485663,101,29,7456.0,0.0,14,2510.0,0.0,29,9523.0,0.0590592125716076,22,2639.0,3.465114817813491e-05,94,22128.0
835.0,94,21876.0,220.96969696969697,0.5578129214731447,99,29,7601.0,0.0,14,2580.0,0.0,29,9666.0,0.022081292397280974,22,2749.0,0.0,94,22596.0
840.0,93,22322.0,227.77551020408163,0.41929912966295924,98,29,7746.0,0.0,14,2650.0,0.0,30,9814.0,1.3332343449325849e-05,20,2843.0,0.009547356164095596,93,23053.0
845.0,93,22787.0,237.36458333333334,0.32005234232017826,96,29,7891.0,0.0,14,2720.0,0.0,30,9964.0,0.030746821812148224,20,2932.0,0.0,93,23507.0
850.0,87,21971.0,231.2736842105263,0.4072254146874069,95,29,8036.0,0.0,14,2790.0,0.0,24,9576.0,0.052650599707725544,20,3032.0,0.0,87,23434.0
855.0,82,21960.0,231.1578947368421,1.1337837798970458,95,29,8181.0,0.05419048358317207,14,2860.0,0.0,19,8932.0,0.08824659892613541,20,3132.0,0.03747760609674744,82,23105.0
860.0,78,22139.0,235.5212765957447,1.7891665983539808,94,29,8326.0,0.11455596205540068,10,2678.0,0.02166517117282071,19,8648.0,0.029941031599634887,20,3232.0,0.08685620853364841,78,22884.0
865.0,79,22530.0,214.57142857142858,2.8207157413649018,105,29,8471.0,0.16051595807337096,10,2401.0,0.2857142857142857,19,8743.0,0.11419848564578682,21,3333.0,0.17356725535443648,79,22948.0
870.0,84,22940.0,201.2280701754386,2.669813502785004,114,31,8623.0,0.10875357389804542,10,2451.0,0.3166845109384191,21,8844.0,0.17301615418623595,22,3440.0,0.17642059324796916,84,23358.0
875.0,95,23391.0,210.72972972972974,1.5373025298771328,111,36,8794.0,0.05185913659740711,12,2507.0,0.23665693539925495,21,8949.0,0.15601661303924855,26,3559.0,0.0764970465413469,95,23809.0
880.0,99,23875.0,217.04545454545453,0.9442867960956555,110,37,8976.0,2.3014232397262787e-05,13,2569.0,0.0006632769964959413,23,9059.0,0.07905389887288694,26,3689.0,0.11794260165252352,99,24293.0
885.0,100,24375.0,221.5909090909091,1.0067741363203078,110,37,9161.0,0.025511877672272976,14,2639.0,0.11455618153190866,23,9174.0,0.04133783018561574,26,3819.0,0.09175791602202137,100,24793.0
890.0,96,24748.0,227.045871559633,0.9235885792900278,109,33,9306.0,0.03566161144996871,14,2709.0,0.11781385857897564,22,9236.0,0.00035331755727351094,27,3954.0,0.08008803918660172,96,25205.0
895.0,96,25198.0,233.3148148148148,1.1410602938587326,108,32,9427.0,0.03493693422827709,13,2766.0,0.08509744892708346,23,9351.0,0.04053934185656067,28,4094.0,0.033205358706741,96,25638.0
900.0,98,25684.0,237.8148148148148,1.029537981042344,108,33,9571.0,6.995355669442601e-07,14,2835.0,0.04764756911065335,23,9466.0,0.03848534940944612,28,4234.0,0.008113129962640592,98,26106.0
905.0,98,26155.0,249.0952380952381,0.5954274429590244,105,32,9729.0,0.0,15,2906.0,1.3241995806153773e-05,22,9566.0,0.02226291484620745,29,4376.0,3.8123611052748334e-06,98,26577.0
910.0,98,26633.0,261.1078431372549,0.3777175126920259,102,32,9889.0,0.0,14,2967.0,0.0,23,9678.0,3.6735517227636797e-06,29,4521.0,0.0,98,27055.0
915.0,98,27123.0,268.54455445544556,0.3563722608439826,101,32,10049.0,0.0,14,3037.0,0.0,23,9793.0,0.0,29,4666.0,0.0,98,27545.0
920.0,94,27461.0,277.3838383838384,0.2693568382472662,99,32,10211.0,0.014982667959823307,14,3107.0,0.0,19,9790.0,0.010906923657640686,29,4811.0,0.0,94,27919.0
925.0,94,27931.0,285.01020408163265,0.491262519458004,98,32,10371.0,0.02880236318547818,14,3177.0,0.0,19,9803.0,0.0,29,4956.0,0.02743606049981092,94,28307.0
930.0,94,28401.0,289.8061224489796,0.46327333352006816,98,32,10531.0,0.029194898228548826,14,3247.0,0.0,19,9898.0,0.0,29,5101.0,0.01244161218903896,94,28777.0
935.0,95,28874.0,297.6701030927835,0.25472479731063846,97,32,10689.0,0.0,14,3317.0,0.0,19,9993.0,0.0,30,5249.0,0.0,95,29248.0
940.0,95,29349.0,244.575,2.1870493029377673,120,32,10849.0,0.11365706032457464,14,3387.0,0.26950851409839677,19,10088.0,0.13780324522835444,30,5399.0,0.14285539782443973,95,29723.0
945.0,101,29839.0,250.74789915966386,1.5135310245183586,119,34,11013.0,0.0751433013091546,15,3459.0,0.1796707365164232,21,10191.0,0.14508138344770916,31,5550.0,0.08460783041470787,101,30213.0
950.0,107,30362.0,255.14285714285714,0.8818495977106067,119,35,11187.0,0.0585233013316842,17,3540.0,0.003504490632581183,21,10296.0,0.07006108113877269,34,5713.0,0.052228031750950116,107,30736.0
955.0,112,30912.0,259.7647058823529,0.7773605897073803,119,36,11365.0,0.06834155636180958,18,3629.0,1.4609789649632332e-05,22,10403.0,0.04272606092631136,36,5889.0,0.049918708704488474,112,31286.0
960.0,112,31472.0,264.47058823529414,0.6562932322286171,119,36,11545.0,0.04550734726779187,18,3719.0,0.05108286903189639,22,10513.0,0.04019551063657865,36,6069.0,0.023641096868116006,112,31846.0
965.0,109,31978.0,271.0,0.4659080750456898,118,36,11713.0,0.0006653047742636554,18,3809.0,0.05203869030598544,22,10623.0,0.0,33,6230.0,0.017824038617023828,109,32375.0
970.0,109,32509.0,275.5,0.7690886749912,118,37,11898.0,5.554698132137247e-06,17,3884.0,0.13592499583182155,22,10733.0,0.043132658226012456,33,6372.0,0.0,109,32887.0
975.0,110,33059.0,282.55555555555554,0.7393965504502807,117,37,12083.0,0.0,18,3974.0,0.13190163337895017,22,10843.0,0.04090382029125995,33,6537.0,0.0,110,33437.0
980.0,109,33580.0,292.0,0.2311968812830188,115,35,12250.0,0.0060879301753666605,19,4068.0,0.03881868111140422,22,10953.0,0.0007582535710084701,33,6702.0,0.0,109,33973.0
985.0,110,34128.0,299.36842105263156,0.30771683353969287,114,35,12412.0,0.0,19,4161.0,0.0595694685100247,23,11068.0,0.0,33,6867.0,0.0,110,34508.0
990.0,110,34678.0,304.1929824561403,0.3829131523782019,114,35,12587.0,0.0,19,4254.0,0.010951839122364892,23,11183.0,0.0,33,7032.0,0.0,110,35056.0
995.0,111,35232.0,311.78761061946904,0.22987930561974712,113,35,12762.0,0.0,20,4353.0,0.0,23,11298.0,0.0,33,7197.0,0.0,111,35610.0
1000.0,109,35720.0,321.8018018018018,0.11923905213023663,111,35,12939.0,0.013591245060805182,20,4453.0,0.0,21,11346.0,0.0,33,7362.0,0.0,109,36100.0
1005.0,109,36265.0,326.7117117117117,0.21158041071210634,111,35,13114.0,0.02665593435711372,20,4553.0,0.0,21,11451.0,0.0,33,7527.0,0.0,109,36645.0
